Handle,Title,Body (HTML),Vendor,Type,Tags,Published,Option1 Name,Option1 Value,Option2 Name,Option2 Value,Option3 Name,Option3 Value,Variant SKU,Variant Grams,Variant Inventory Tracker,Variant Inventory Qty,Variant Inventory Policy,Variant Fulfillment Service,Variant Price,Variant Compare At Price,Variant Requires Shipping,Variant Taxable,Variant Barcode,Image Src,Image Position,Image Alt Text,Gift Card,SEO Title,SEO Description,Google Shopping / Google Product Category,Google Shopping / Gender,Google Shopping / Age Group,Google Shopping / MPN,Google Shopping / AdWords Grouping,Google Shopping / AdWords Labels,Google Shopping / Condition,Google Shopping / Custom Product,Google Shopping / Custom Label 0,Google Shopping / Custom Label 1,Google Shopping / Custom Label 2,Google Shopping / Custom Label 3,Google Shopping / Custom Label 4,Variant Image,Variant Weight Unit,Variant Tax Code
stanley-j5c09-1000-peak-amp-jump-starter,Stanley J5C09 1000 Peak Amp Jump Starter,"<h3>Our manufacturers and vendors guarantee its high quality</h3>
<p>Our industry made a great number of legendary cars, and this is a true argument that it is essential part of our life.So, if you like listening to the sound of your engine, or if you like the smell of burning rubber of your wheels, you are in the right place.</p>
<ul>
<li>our parts are the standard of real reliability and durability;</li>
<li>we believe that everything must be perfect in our business;</li>
<li>we use the achievements of progress and provide some new technologies.</li>
</ul>
<p>We spend endless hours in traffic jams; we like to eat in a car, like to listen to music and so on. And you know it is true. We believe that everything must be perfect in our business. We produce and sell only professional parts - that’s why we have a great number of devoted clients all over the country and there is nothing better than the happy and satisfied customers. We use the achievements of progress and provide some new technologies.</p>
<ol>
<li><strong>Headlight </strong></li>
<li><strong>Wheel Nuts </strong></li>
<li><strong>Vehicle Body Type </strong></li>
<li><strong>Hatchback </strong></li>
</ol>
<p>Car is more than a piece of a metal, it became a social phenomenon. We are offering a great list of some unique spare parts that have no analogues. Have you ever noticed that we often try to talk to the car as if it was a human? We use the achievements of progress and provide some new technologies. <a href=""-"">Our goods are real bestsellers.</a></p>",Russian,Wheels & Tires,Sedan,true,Title,Default Title,,,,,654654654-56,0,shopify,0,deny,manual,550.00,,true,false,541265746854231,https://cdn.shopify.com/s/files/1/1743/3659/products/stanley_j5c09_1000_peak_amp_jump_starter_1.png?v=1485780329,1,,false,,,,,,,,,,,,,,,,,kg,
stanley-j5c09-1000-peak-amp-jump-starter,,,,,,,,,,,,,,,,,,,,,,,,https://cdn.shopify.com/s/files/1/1743/3659/products/stanley_j5c09_1000_peak_amp_jump_starter_2.png?v=1485780329,2,,,,,,,,,,,,,,,,,,,,
stanley-j5c09-1000-peak-amp-jump-starter,,,,,,,,,,,,,,,,,,,,,,,,https://cdn.shopify.com/s/files/1/1743/3659/products/stanley_j5c09_1000_peak_amp_jump_starter_3.png?v=1485780329,3,,,,,,,,,,,,,,,,,,,,
stanley-j5c09-1000-peak-amp-jump-starter,,,,,,,,,,,,,,,,,,,,,,,,https://cdn.shopify.com/s/files/1/1743/3659/products/stanley_j5c09_1000_peak_amp_jump_starter_4.png?v=1485780329,4,,,,,,,,,,,,,,,,,,,,
stanley-j5c09-1000-peak-amp-jump-starter,,,,,,,,,,,,,,,,,,,,,,,,https://cdn.shopify.com/s/files/1/1743/3659/products/stanley_j5c09_1000_peak_amp_jump_starter_5.png?v=1485780329,5,,,,,,,,,,,,,,,,,,,,
sport-shock-absorber-high-tec-fiat,Sport Shock Absorber High Tec Fiat,"<h2>We are honored to present you our products</h2>
<p>Even if you don’t like speed and power, racing and all this stuff, but you love your car, you are still in the right place because you might be interested in professional spare parts.Our goods are real bestsellers; we are offering a great list of some unique spare parts that have no analogues.Have you ever noticed that we often try to talk to the car as if it was a human? We believe that everything must be perfect in our business. Car is a part of culture because we spend a significant amount of time of our lives by the steering wheel. We spend endless hours in traffic jams; we like to eat in a car, like to listen to music and so on. Just remember that we estimate our clients and improve our support and delivery systems.</p>
<h2>Our manufacturers and vendors guarantee its high quality</h2>
<p>Car is more than a piece of a metal, it became a social phenomenon.  Have you ever noticed that we often try to talk to the car as if it was a human? Our manufacturers and vendors guarantee its high quality.  </p>
<p>We understand:</p>
<ul>
<li>our parts are the standard of real reliability and durability;</li>
<li>we believe that everything must be perfect in our business;</li>
<li>we use the achievements of progress and provide some new technologies.</li>
</ul>
<h3>Modern clothing is not only what helps us feel comfortable</h3>
<p>We spend endless hours in traffic jams; we like to eat in a car, like to listen to music and so on. And you know it is true. We believe that everything must be perfect in our business. We produce and sell only professional parts - that’s why we have a great number of devoted clients all over the country and there is nothing better than the happy and satisfied customers. We use the achievements of progress and provide some new technologies. Car is more than a piece of a metal, it became a social phenomenon.</p>
<p>Our goods are real bestsellers; we are offering a great list of some unique spare parts that have no analogues. Have you ever noticed that we often try to talk to the car as if it was a human? We use the achievements of progress and provide some new technologies. </p>",China,Body parts,Coupe,true,Title,Default Title,,,,,327038,32600,shopify,100,deny,manual,250.00,260.00,true,true,555-6322-1,https://cdn.shopify.com/s/files/1/1743/3659/products/sport_shock_absorber_high_tec_fiat_1.png?v=1485780317,1,,false,,,,,,,,,,,,,,,,,kg,
sport-shock-absorber-high-tec-fiat,,,,,,,,,,,,,,,,,,,,,,,,https://cdn.shopify.com/s/files/1/1743/3659/products/sport_shock_absorber_high_tec_fiat_2_5c458caa-7438-4e27-934d-95c361723570.png?v=1485780317,2,,,,,,,,,,,,,,,,,,,,
sport-shock-absorber-high-tec-fiat,,,,,,,,,,,,,,,,,,,,,,,,https://cdn.shopify.com/s/files/1/1743/3659/products/sport_shock_absorber_high_tec_fiat_3.png?v=1485780317,3,,,,,,,,,,,,,,,,,,,,
sport-shock-absorber-high-tec-fiat,,,,,,,,,,,,,,,,,,,,,,,,https://cdn.shopify.com/s/files/1/1743/3659/products/sport_shock_absorber_high_tec_fiat_4.png?v=1485780317,4,,,,,,,,,,,,,,,,,,,,
sport-shock-absorber-high-tec-fiat,,,,,,,,,,,,,,,,,,,,,,,,https://cdn.shopify.com/s/files/1/1743/3659/products/sport_shock_absorber_high_tec_fiat_5.png?v=1485780317,5,,,,,,,,,,,,,,,,,,,,
sport-shock-absorber-high-tec-bmw,Sport Shock Absorber High Tec BMW,"<h3>We believe that everything must be perfect in our business</h3>
<p>We spend endless hours in traffic jams; we like to eat in a car, like to listen to music and so on. And you know it is true. We believe that everything must be perfect in our business. We produce and sell only professional parts - that’s why we have a great number of devoted clients all over the country and there is nothing better than the happy and satisfied customers. We use the achievements of progress and provide some new technologies. Car is more than a piece of a metal, it became a social phenomenon. Our goods are real bestsellers; we are offering a great list of some unique spare parts that have no analogues. Have you ever noticed that we often try to talk to the car as if it was a human? We use the achievements of progress and provide some new technologies. </p>
<ul>
<li>our parts are the standard of real reliability and durability;</li>
<li>we use the achievements of progress and provide some new technologies.</li>
</ul>
<p><iframe src=""https://www.youtube.com/embed/CHsMnE_iUWQ"" allowfullscreen="""" height=""720"" width=""1280""></iframe></p>
<p>Our industry made a great number of legendary cars, and this is a true argument that it is essential part of our life.So, if you like listening to the sound of your engine, or if you like the smell of burning rubber of your wheels, you are in the right place. The secret of our success is that our goods are an unbeaten combination of high quality and fair price.  Nowadays car is not just a vehicle, it is a part of you, it influences your style and your character. Have you ever noticed that we often try to talk to the car as if it was a human? </p>",Grmany,Lighting,Hatchback,true,Color,Black,,,,,327AE-6,2000,,99,deny,manual,2500.00,,false,true,327038522,https://cdn.shopify.com/s/files/1/1743/3659/products/sport_shock_absorber_high_tec_bmw_1.png?v=1485780304,1,,false,,,,,,,,,,,,,,,,https://cdn.shopify.com/s/files/1/1743/3659/products/sport_shock_absorber_high_tec_bmw_1.png?v=1485780304,kg,
sport-shock-absorber-high-tec-bmw,,,,,,,,Silver,,,,,556-62225,2000,,1,deny,manual,1990.00,2400.00,true,true,48245687465,https://cdn.shopify.com/s/files/1/1743/3659/products/sport_shock_absorber_high_tec_bmw_2.png?v=1485780304,2,,,,,,,,,,,,,,,,,,https://cdn.shopify.com/s/files/1/1743/3659/products/sport_shock_absorber_high_tec_fiat_2.png?v=1485780304,kg,
sport-shock-absorber-high-tec-bmw,,,,,,,,Red,,,,,64554,7000,shopify,50,deny,manual,1800.00,,true,true,2353565467,https://cdn.shopify.com/s/files/1/1743/3659/products/sport_shock_absorber_high_tec_fiat_2.png?v=1485780304,3,,,,,,,,,,,,,,,,,,,kg,
sport-shock-absorber-high-tec-bmw,,,,,,,,,,,,,,,,,,,,,,,,https://cdn.shopify.com/s/files/1/1743/3659/products/sport_shock_absorber_high_tec_bmw_3.png?v=1485780304,4,,,,,,,,,,,,,,,,,,,,
sport-shock-absorber-high-tec-bmw,,,,,,,,,,,,,,,,,,,,,,,,https://cdn.shopify.com/s/files/1/1743/3659/products/sport_shock_absorber_high_tec_bmw_4.png?v=1485780304,5,,,,,,,,,,,,,,,,,,,,
sport-shock-absorber-high-tec-bmw,,,,,,,,,,,,,,,,,,,,,,,,https://cdn.shopify.com/s/files/1/1743/3659/products/sport_shock_absorber_high_tec_bmw_5.png?v=1485780304,6,,,,,,,,,,,,,,,,,,,,
sportseat-set-evolution-fabric-red,Sportseat Set Evolution Fabric Red,"<h3>We produce and sell only professional parts</h3>
<p>So, if you like listening to the sound of your engine, or if you like the smell of burning rubber of your wheels, you are in the right place.We provide auto spare parts and our main goal is to satisfy all of our customers. The secret of our success is that our goods are an unbeaten combination of high quality and fair price. We produce and sell only professional parts - that’s why we have a great number of devoted clients all over the country and there is nothing better than the happy and satisfied customers. Our goods are real bestsellers; we are offering a great list of some unique spare parts that have no analogues. We believe that everything must be perfect in our business.  And don’t forget you can save your money with the help of our system of benefits and discounts. </p>
<ol>
<li>Headlight </li>
<li>Wheel Nuts </li>
<li>Vehicle Body Type </li>
<li>Hatchback </li>
<li>Coupe </li>
<li>Sedan </li>
<li>Year</li>
</ol>
<p>Our industry made a great number of legendary cars, and this is a true argument that it is essential part of our life.The secret of our success is that our goods are an unbeaten combination of high quality and fair priceYou know, psychologists claim that style of driving shows some striking features of character. And you know it is true. Car is more than a piece of a metal, it became a social phenomenon.  Have you ever noticed that we often try to talk to the car as if it was a human? Our manufacturers and vendors guarantee its high quality.</p>
<p>And <a href=""-"">don’t forget you can save your money</a> with the help of our system of benefits and discounts. </p>
<p><iframe src=""https://www.youtube.com/embed/CHsMnE_iUWQ"" allowfullscreen="""" height=""720"" width=""1280""></iframe></p>",USA,Exterior,Vehicle Body Type,true,Title,Default Title,,,,,,0,shopify,98,deny,manual,300.00,,true,true,,https://cdn.shopify.com/s/files/1/1743/3659/products/sportseat_set_evolution_fabric_red_01.png?v=1485780293,1,,false,,,,,,,,,,,,,,,,,kg,
sportseat-set-evolution-fabric-red,,,,,,,,,,,,,,,,,,,,,,,,https://cdn.shopify.com/s/files/1/1743/3659/products/sportseat_set_evolution_fabric_red_02.png?v=1485780293,2,,,,,,,,,,,,,,,,,,,,
sportseat-set-evolution-fabric-red,,,,,,,,,,,,,,,,,,,,,,,,https://cdn.shopify.com/s/files/1/1743/3659/products/sportseat_set_evolution_fabric_red_03.png?v=1485780293,3,,,,,,,,,,,,,,,,,,,,
sportseat-set-evolution-fabric-red,,,,,,,,,,,,,,,,,,,,,,,,https://cdn.shopify.com/s/files/1/1743/3659/products/sportseat_set_evolution_fabric_red_04.png?v=1485780293,4,,,,,,,,,,,,,,,,,,,,
sportseat-set-evolution-fabric-red,,,,,,,,,,,,,,,,,,,,,,,,https://cdn.shopify.com/s/files/1/1743/3659/products/sportseat_set_evolution_fabric_red_05.png?v=1485780293,5,,,,,,,,,,,,,,,,,,,,
sport-air-filter-replacement-filter-peugeot-206-fr,Sport Air Filter Replacement Filter Peugeot 206 FR,"<h3>Our manufacturers and vendors guarantee its high quality</h3>
<p>Our industry made a great number of legendary cars, and this is a true argument that it is essential part of our life.So, if you like listening to the sound of your engine, or if you like the smell of burning rubber of your wheels, you are in the right place.</p>
<ul>
<li>our parts are the standard of real reliability and durability;</li>
<li>we believe that everything must be perfect in our business;</li>
<li>we use the achievements of progress and provide some new technologies.</li>
</ul>
<p>We spend endless hours in traffic jams; we like to eat in a car, like to listen to music and so on. And you know it is true. We believe that everything must be perfect in our business. We produce and sell only professional parts - that’s why we have a great number of devoted clients all over the country and there is nothing better than the happy and satisfied customers. We use the achievements of progress and provide some new technologies.</p>
<ol>
<li><strong>Headlight </strong></li>
<li><strong>Wheel Nuts </strong></li>
<li><strong>Vehicle Body Type </strong></li>
<li><strong>Hatchback </strong></li>
</ol>
<p>Car is more than a piece of a metal, it became a social phenomenon. We are offering a great list of some unique spare parts that have no analogues. Have you ever noticed that we often try to talk to the car as if it was a human? We use the achievements of progress and provide some new technologies. <a href=""-"">Our goods are real bestsellers.</a></p>",Russian,Interior,Wheel Nuts,true,Color,Black,Year,2008,Vehicle Body Type,Sedan,327AE-6,4990,shopify,100,continue,manual,360.00,380.00,true,true,327038522,https://cdn.shopify.com/s/files/1/1743/3659/products/sport_air_filter_replacement_filter_peugeot_206_fr_01.png?v=1485780280,1,,false,,,,,,,,,,,,,,,,https://cdn.shopify.com/s/files/1/1743/3659/products/sport_air_filter_replacement_filter_peugeot_206_fr_01.png?v=1485780280,lb,
sport-air-filter-replacement-filter-peugeot-206-fr,,,,,,,,Silver,,2008,,Sedan,556-62225,5000,shopify,100,deny,manual,320.00,340.00,true,true,48245687465,https://cdn.shopify.com/s/files/1/1743/3659/products/sport_air_filter_replacement_filter_peugeot_206_fr_02.png?v=1485780280,2,,,,,,,,,,,,,,,,,,https://cdn.shopify.com/s/files/1/1743/3659/products/sport_air_filter_replacement_filter_peugeot_206_fr_02.png?v=1485780280,kg,
sport-air-filter-replacement-filter-peugeot-206-fr,,,,,,,,Black,,2010,,Sedan,64554,1134,shopify,1,deny,manual,150.00,160.00,true,true,2353565467,https://cdn.shopify.com/s/files/1/1743/3659/products/sport_air_filter_replacement_filter_peugeot_206_fr_03.png?v=1485780280,3,,,,,,,,,,,,,,,,,,https://cdn.shopify.com/s/files/1/1743/3659/products/sport_air_filter_replacement_filter_peugeot_206_fr_03.png?v=1485780280,oz,
sport-air-filter-replacement-filter-peugeot-206-fr,,,,,,,,Silver,,2010,,Coupe,245687,100,shopify,13,continue,manual,250.00,260.00,true,true,265746854231,https://cdn.shopify.com/s/files/1/1743/3659/products/sport_air_filter_replacement_filter_peugeot_206_fr_04.png?v=1485780280,4,,,,,,,,,,,,,,,,,,https://cdn.shopify.com/s/files/1/1743/3659/products/sport_air_filter_replacement_filter_peugeot_206_fr_04.png?v=1485780280,g,
sport-air-filter-replacement-filter-peugeot-206-fr,,,,,,,,,,,,,,,,,,,,,,,,https://cdn.shopify.com/s/files/1/1743/3659/products/sport_air_filter_replacement_filter_peugeot_206_fr_05.png?v=1485780280,5,,,,,,,,,,,,,,,,,,,,
sport-air-filter-replacement-filter-audi-a6-4f-fr,Sport Air Filter Replacement Filter Audi A6 (4F) FR,"<h2>We are honored to present you our products</h2>
<p>Even if you don’t like speed and power, racing and all this stuff, but you love your car, you are still in the right place because you might be interested in professional spare parts.Our goods are real bestsellers; we are offering a great list of some unique spare parts that have no analogues.Have you ever noticed that we often try to talk to the car as if it was a human? We believe that everything must be perfect in our business. Car is a part of culture because we spend a significant amount of time of our lives by the steering wheel. We spend endless hours in traffic jams; we like to eat in a car, like to listen to music and so on. Just remember that we estimate our clients and improve our support and delivery systems.</p>
<h2>Our manufacturers and vendors guarantee its high quality</h2>
<p>Car is more than a piece of a metal, it became a social phenomenon.  Have you ever noticed that we often try to talk to the car as if it was a human? Our manufacturers and vendors guarantee its high quality.  </p>
<p>We understand:</p>
<ul>
<li>our parts are the standard of real reliability and durability;</li>
<li>we believe that everything must be perfect in our business;</li>
<li>we use the achievements of progress and provide some new technologies.</li>
</ul>
<h3>Modern clothing is not only what helps us feel comfortable</h3>
<p>We spend endless hours in traffic jams; we like to eat in a car, like to listen to music and so on. And you know it is true. We believe that everything must be perfect in our business. We produce and sell only professional parts - that’s why we have a great number of devoted clients all over the country and there is nothing better than the happy and satisfied customers. We use the achievements of progress and provide some new technologies. Car is more than a piece of a metal, it became a social phenomenon.</p>
<p>Our goods are real bestsellers; we are offering a great list of some unique spare parts that have no analogues. Have you ever noticed that we often try to talk to the car as if it was a human? We use the achievements of progress and provide some new technologies. </p>",China,Wheels & Tires,Headlight,true,Title,Default Title,,,,,654654654-56,0,shopify,0,deny,manual,260.00,,true,false,541265746854231,https://cdn.shopify.com/s/files/1/1743/3659/products/sport_air_filter_replacement_filter_audi_a6_4f_fr_01.png?v=1485780268,1,,false,,,,,,,,,,,,,,,,,kg,
sport-air-filter-replacement-filter-audi-a6-4f-fr,,,,,,,,,,,,,,,,,,,,,,,,https://cdn.shopify.com/s/files/1/1743/3659/products/sport_air_filter_replacement_filter_audi_a6_4f_fr_02.png?v=1485780268,2,,,,,,,,,,,,,,,,,,,,
sport-air-filter-replacement-filter-audi-a6-4f-fr,,,,,,,,,,,,,,,,,,,,,,,,https://cdn.shopify.com/s/files/1/1743/3659/products/sport_air_filter_replacement_filter_audi_a6_4f_fr_03.png?v=1485780268,3,,,,,,,,,,,,,,,,,,,,
sport-air-filter-replacement-filter-audi-a6-4f-fr,,,,,,,,,,,,,,,,,,,,,,,,https://cdn.shopify.com/s/files/1/1743/3659/products/sport_air_filter_replacement_filter_audi_a6_4f_fr_04.png?v=1485780268,4,,,,,,,,,,,,,,,,,,,,
sport-air-filter-replacement-filter-audi-a6-4f-fr,,,,,,,,,,,,,,,,,,,,,,,,https://cdn.shopify.com/s/files/1/1743/3659/products/sport_air_filter_replacement_filter_audi_a6_4f_fr_05.png?v=1485780268,5,,,,,,,,,,,,,,,,,,,,
spare-parts-headlight-left-ford-ka-typ-rbt,Spare Parts Headlight Left Ford KA (TYP RBT),"<h3>We believe that everything must be perfect in our business</h3>
<p>We spend endless hours in traffic jams; we like to eat in a car, like to listen to music and so on. And you know it is true. We believe that everything must be perfect in our business. We produce and sell only professional parts - that’s why we have a great number of devoted clients all over the country and there is nothing better than the happy and satisfied customers. We use the achievements of progress and provide some new technologies. Car is more than a piece of a metal, it became a social phenomenon. Our goods are real bestsellers; we are offering a great list of some unique spare parts that have no analogues. Have you ever noticed that we often try to talk to the car as if it was a human? We use the achievements of progress and provide some new technologies. </p>
<ul>
<li>our parts are the standard of real reliability and durability;</li>
<li>we use the achievements of progress and provide some new technologies.</li>
</ul>
<p><iframe src=""https://www.youtube.com/embed/CHsMnE_iUWQ"" allowfullscreen="""" height=""720"" width=""1280""></iframe></p>
<p>Our industry made a great number of legendary cars, and this is a true argument that it is essential part of our life.So, if you like listening to the sound of your engine, or if you like the smell of burning rubber of your wheels, you are in the right place. The secret of our success is that our goods are an unbeaten combination of high quality and fair price.  Nowadays car is not just a vehicle, it is a part of you, it influences your style and your character. Have you ever noticed that we often try to talk to the car as if it was a human? </p>",Grmany,Body parts,Year,true,Title,Default Title,,,,,327038,32600,shopify,100,deny,manual,130.00,150.00,true,true,555-6322-1,https://cdn.shopify.com/s/files/1/1743/3659/products/spare_parts_headlight_left_ford_ka_typ_rbt_01.png?v=1485780255,1,,false,,,,,,,,,,,,,,,,,kg,
spare-parts-headlight-left-ford-ka-typ-rbt,,,,,,,,,,,,,,,,,,,,,,,,https://cdn.shopify.com/s/files/1/1743/3659/products/spare_parts_headlight_left_ford_ka_typ_rbt_02.png?v=1485780255,2,,,,,,,,,,,,,,,,,,,,
spare-parts-headlight-left-ford-ka-typ-rbt,,,,,,,,,,,,,,,,,,,,,,,,https://cdn.shopify.com/s/files/1/1743/3659/products/spare_parts_headlight_left_ford_ka_typ_rbt_03.png?v=1485780255,3,,,,,,,,,,,,,,,,,,,,
spare-parts-headlight-left-ford-ka-typ-rbt,,,,,,,,,,,,,,,,,,,,,,,,https://cdn.shopify.com/s/files/1/1743/3659/products/spare_parts_headlight_left_ford_ka_typ_rbt_04.png?v=1485780255,4,,,,,,,,,,,,,,,,,,,,
spare-parts-headlight-left-ford-ka-typ-rbt,,,,,,,,,,,,,,,,,,,,,,,,https://cdn.shopify.com/s/files/1/1743/3659/products/spare_parts_headlight_left_ford_ka_typ_rbt_05.png?v=1485780255,5,,,,,,,,,,,,,,,,,,,,
richmond-gear-super-street-5-speed-transmission,Richmond Gear Super Street 5 Speed Transmission,"<h3>We produce and sell only professional parts</h3>
<p>So, if you like listening to the sound of your engine, or if you like the smell of burning rubber of your wheels, you are in the right place.We provide auto spare parts and our main goal is to satisfy all of our customers. The secret of our success is that our goods are an unbeaten combination of high quality and fair price. We produce and sell only professional parts - that’s why we have a great number of devoted clients all over the country and there is nothing better than the happy and satisfied customers. Our goods are real bestsellers; we are offering a great list of some unique spare parts that have no analogues. We believe that everything must be perfect in our business.  And don’t forget you can save your money with the help of our system of benefits and discounts. </p>
<ol>
<li>Headlight </li>
<li>Wheel Nuts </li>
<li>Vehicle Body Type </li>
<li>Hatchback </li>
<li>Coupe </li>
<li>Sedan </li>
<li>Year</li>
</ol>
<p>Our industry made a great number of legendary cars, and this is a true argument that it is essential part of our life.The secret of our success is that our goods are an unbeaten combination of high quality and fair priceYou know, psychologists claim that style of driving shows some striking features of character. And you know it is true. Car is more than a piece of a metal, it became a social phenomenon.  Have you ever noticed that we often try to talk to the car as if it was a human? Our manufacturers and vendors guarantee its high quality.</p>
<p>And <a href=""-"">don’t forget you can save your money</a> with the help of our system of benefits and discounts. </p>
<p><iframe src=""https://www.youtube.com/embed/CHsMnE_iUWQ"" allowfullscreen="""" height=""720"" width=""1280""></iframe></p>",USA,Lighting,Sedan,true,Color,Black,,,,,327AE-6,2000,,99,deny,manual,2500.00,,false,true,327038522,https://cdn.shopify.com/s/files/1/1743/3659/products/richmond_gear_super_street_5_speed_transmission_1.png?v=1485780243,1,,false,,,,,,,,,,,,,,,,https://cdn.shopify.com/s/files/1/1743/3659/products/richmond_gear_super_street_5_speed_transmission_1.png?v=1485780243,kg,
richmond-gear-super-street-5-speed-transmission,,,,,,,,Silver,,,,,556-62225,2000,,1,deny,manual,1990.00,2400.00,true,true,48245687465,https://cdn.shopify.com/s/files/1/1743/3659/products/richmond_gear_super_street_5_speed_transmission_2.png?v=1485780243,2,,,,,,,,,,,,,,,,,,https://cdn.shopify.com/s/files/1/1743/3659/products/richmond_gear_super_street_5_speed_transmission_2.png?v=1485780243,kg,
richmond-gear-super-street-5-speed-transmission,,,,,,,,Red,,,,,64554,7000,shopify,50,deny,manual,1800.00,,true,true,2353565467,https://cdn.shopify.com/s/files/1/1743/3659/products/richmond_gear_super_street_5_speed_transmission_3.png?v=1485780243,3,,,,,,,,,,,,,,,,,,,kg,
richmond-gear-super-street-5-speed-transmission,,,,,,,,,,,,,,,,,,,,,,,,https://cdn.shopify.com/s/files/1/1743/3659/products/richmond_gear_super_street_5_speed_transmission_4.png?v=1485780243,4,,,,,,,,,,,,,,,,,,,,
richmond-gear-super-street-5-speed-transmission,,,,,,,,,,,,,,,,,,,,,,,,https://cdn.shopify.com/s/files/1/1743/3659/products/richmond_gear_super_street_5_speed_transmission_5.png?v=1485780243,5,,,,,,,,,,,,,,,,,,,,
portseat-set-las-vegas-artificial-leather-black,Portseat Set Las Vegas Artificial Leather Black,"<h3>Our manufacturers and vendors guarantee its high quality</h3>
<p>Our industry made a great number of legendary cars, and this is a true argument that it is essential part of our life.So, if you like listening to the sound of your engine, or if you like the smell of burning rubber of your wheels, you are in the right place.</p>
<ul>
<li>our parts are the standard of real reliability and durability;</li>
<li>we believe that everything must be perfect in our business;</li>
<li>we use the achievements of progress and provide some new technologies.</li>
</ul>
<p>We spend endless hours in traffic jams; we like to eat in a car, like to listen to music and so on. And you know it is true. We believe that everything must be perfect in our business. We produce and sell only professional parts - that’s why we have a great number of devoted clients all over the country and there is nothing better than the happy and satisfied customers. We use the achievements of progress and provide some new technologies.</p>
<ol>
<li><strong>Headlight </strong></li>
<li><strong>Wheel Nuts </strong></li>
<li><strong>Vehicle Body Type </strong></li>
<li><strong>Hatchback </strong></li>
</ol>
<p>Car is more than a piece of a metal, it became a social phenomenon. We are offering a great list of some unique spare parts that have no analogues. Have you ever noticed that we often try to talk to the car as if it was a human? We use the achievements of progress and provide some new technologies. <a href=""-"">Our goods are real bestsellers.</a></p>",Russian,Exterior,Coupe,true,Title,Default Title,,,,,,0,shopify,98,deny,manual,80.00,,true,true,,https://cdn.shopify.com/s/files/1/1743/3659/products/portseat_set_las_vegas_artificial_leather_black_01.png?v=1485780232,1,,false,,,,,,,,,,,,,,,,,kg,
portseat-set-las-vegas-artificial-leather-black,,,,,,,,,,,,,,,,,,,,,,,,https://cdn.shopify.com/s/files/1/1743/3659/products/portseat_set_las_vegas_artificial_leather_black_02.png?v=1485780232,2,,,,,,,,,,,,,,,,,,,,
portseat-set-las-vegas-artificial-leather-black,,,,,,,,,,,,,,,,,,,,,,,,https://cdn.shopify.com/s/files/1/1743/3659/products/portseat_set_las_vegas_artificial_leather_black_03.png?v=1485780232,3,,,,,,,,,,,,,,,,,,,,
portseat-set-las-vegas-artificial-leather-black,,,,,,,,,,,,,,,,,,,,,,,,https://cdn.shopify.com/s/files/1/1743/3659/products/portseat_set_las_vegas_artificial_leather_black_04.png?v=1485780232,4,,,,,,,,,,,,,,,,,,,,
portseat-set-las-vegas-artificial-leather-black,,,,,,,,,,,,,,,,,,,,,,,,https://cdn.shopify.com/s/files/1/1743/3659/products/portseat_set_las_vegas_artificial_leather_black_05.png?v=1485780232,5,,,,,,,,,,,,,,,,,,,,
noco-genius-boost-gb30-12v-ultrasafe-lithium,NOCO Genius Boost GB30 12V UltraSafe Lithium,"<h2>We are honored to present you our products</h2>
<p>Even if you don’t like speed and power, racing and all this stuff, but you love your car, you are still in the right place because you might be interested in professional spare parts.Our goods are real bestsellers; we are offering a great list of some unique spare parts that have no analogues.Have you ever noticed that we often try to talk to the car as if it was a human? We believe that everything must be perfect in our business. Car is a part of culture because we spend a significant amount of time of our lives by the steering wheel. We spend endless hours in traffic jams; we like to eat in a car, like to listen to music and so on. Just remember that we estimate our clients and improve our support and delivery systems.</p>
<h2>Our manufacturers and vendors guarantee its high quality</h2>
<p>Car is more than a piece of a metal, it became a social phenomenon.  Have you ever noticed that we often try to talk to the car as if it was a human? Our manufacturers and vendors guarantee its high quality.  </p>
<p>We understand:</p>
<ul>
<li>our parts are the standard of real reliability and durability;</li>
<li>we believe that everything must be perfect in our business;</li>
<li>we use the achievements of progress and provide some new technologies.</li>
</ul>
<h3>Modern clothing is not only what helps us feel comfortable</h3>
<p>We spend endless hours in traffic jams; we like to eat in a car, like to listen to music and so on. And you know it is true. We believe that everything must be perfect in our business. We produce and sell only professional parts - that’s why we have a great number of devoted clients all over the country and there is nothing better than the happy and satisfied customers. We use the achievements of progress and provide some new technologies. Car is more than a piece of a metal, it became a social phenomenon.</p>
<p>Our goods are real bestsellers; we are offering a great list of some unique spare parts that have no analogues. Have you ever noticed that we often try to talk to the car as if it was a human? We use the achievements of progress and provide some new technologies. </p>",China,Interior,Hatchback,true,Color,Black,Year,2008,Vehicle Body Type,Sedan,327AE-6,4990,shopify,100,continue,manual,1000.00,1105.00,true,true,327038522,https://cdn.shopify.com/s/files/1/1743/3659/products/noco_genius_boost_gb30_12v_ultrasafe_lithium_1.png?v=1485780220,1,,false,,,,,,,,,,,,,,,,https://cdn.shopify.com/s/files/1/1743/3659/products/noco_genius_boost_gb30_12v_ultrasafe_lithium_1.png?v=1485780220,lb,
noco-genius-boost-gb30-12v-ultrasafe-lithium,,,,,,,,Silver,,2008,,Sedan,556-62225,5000,shopify,100,deny,manual,1900.00,1250.00,true,true,48245687465,https://cdn.shopify.com/s/files/1/1743/3659/products/noco_genius_boost_gb30_12v_ultrasafe_lithium_2.png?v=1485780220,2,,,,,,,,,,,,,,,,,,https://cdn.shopify.com/s/files/1/1743/3659/products/noco_genius_boost_gb30_12v_ultrasafe_lithium_2.png?v=1485780220,kg,
noco-genius-boost-gb30-12v-ultrasafe-lithium,,,,,,,,Black,,2010,,Sedan,64554,1134,shopify,1,deny,manual,890.00,1500.00,true,true,2353565467,https://cdn.shopify.com/s/files/1/1743/3659/products/noco_genius_boost_gb30_12v_ultrasafe_lithium_3.png?v=1485780220,3,,,,,,,,,,,,,,,,,,https://cdn.shopify.com/s/files/1/1743/3659/products/noco_genius_boost_gb30_12v_ultrasafe_lithium_3.png?v=1485780220,oz,
noco-genius-boost-gb30-12v-ultrasafe-lithium,,,,,,,,Silver,,2010,,Coupe,245687,100,shopify,13,continue,manual,1000.00,1120.00,true,true,265746854231,https://cdn.shopify.com/s/files/1/1743/3659/products/noco_genius_boost_gb30_12v_ultrasafe_lithium_4.png?v=1485780220,4,,,,,,,,,,,,,,,,,,https://cdn.shopify.com/s/files/1/1743/3659/products/noco_genius_boost_gb30_12v_ultrasafe_lithium_4.png?v=1485780220,g,
noco-genius-boost-gb30-12v-ultrasafe-lithium,,,,,,,,,,,,,,,,,,,,,,,,https://cdn.shopify.com/s/files/1/1743/3659/products/noco_genius_boost_gb30_12v_ultrasafe_lithium_5.png?v=1485780220,5,,,,,,,,,,,,,,,,,,,,
maserati-granturismo-gearbox-transmission,Maserati Granturismo Gearbox Transmission,"<h3>We believe that everything must be perfect in our business</h3>
<p>We spend endless hours in traffic jams; we like to eat in a car, like to listen to music and so on. And you know it is true. We believe that everything must be perfect in our business. We produce and sell only professional parts - that’s why we have a great number of devoted clients all over the country and there is nothing better than the happy and satisfied customers. We use the achievements of progress and provide some new technologies. Car is more than a piece of a metal, it became a social phenomenon. Our goods are real bestsellers; we are offering a great list of some unique spare parts that have no analogues. Have you ever noticed that we often try to talk to the car as if it was a human? We use the achievements of progress and provide some new technologies. </p>
<ul>
<li>our parts are the standard of real reliability and durability;</li>
<li>we use the achievements of progress and provide some new technologies.</li>
</ul>
<p><iframe src=""https://www.youtube.com/embed/CHsMnE_iUWQ"" allowfullscreen="""" height=""720"" width=""1280""></iframe></p>
<p>Our industry made a great number of legendary cars, and this is a true argument that it is essential part of our life.So, if you like listening to the sound of your engine, or if you like the smell of burning rubber of your wheels, you are in the right place. The secret of our success is that our goods are an unbeaten combination of high quality and fair price.  Nowadays car is not just a vehicle, it is a part of you, it influences your style and your character. Have you ever noticed that we often try to talk to the car as if it was a human? </p>",Grmany,Wheels & Tires,Vehicle Body Type,true,Title,Default Title,,,,,654654654-56,0,shopify,0,deny,manual,140.00,,true,false,541265746854231,https://cdn.shopify.com/s/files/1/1743/3659/products/maserati_granturismo_gearbox_transmission_1.png?v=1485780207,1,,false,,,,,,,,,,,,,,,,,kg,
maserati-granturismo-gearbox-transmission,,,,,,,,,,,,,,,,,,,,,,,,https://cdn.shopify.com/s/files/1/1743/3659/products/maserati_granturismo_gearbox_transmission_2.png?v=1485780207,2,,,,,,,,,,,,,,,,,,,,
maserati-granturismo-gearbox-transmission,,,,,,,,,,,,,,,,,,,,,,,,https://cdn.shopify.com/s/files/1/1743/3659/products/maserati_granturismo_gearbox_transmission_3.png?v=1485780207,3,,,,,,,,,,,,,,,,,,,,
maserati-granturismo-gearbox-transmission,,,,,,,,,,,,,,,,,,,,,,,,https://cdn.shopify.com/s/files/1/1743/3659/products/maserati_granturismo_gearbox_transmission_4.png?v=1485780207,4,,,,,,,,,,,,,,,,,,,,
maserati-granturismo-gearbox-transmission,,,,,,,,,,,,,,,,,,,,,,,,https://cdn.shopify.com/s/files/1/1743/3659/products/maserati_granturismo_gearbox_transmission_5.png?v=1485780207,5,,,,,,,,,,,,,,,,,,,,
lamborghini-gallardo-lp-520-front-differential,Lamborghini Gallardo LP 520 Front Differential,"<h3>We produce and sell only professional parts</h3>
<p>So, if you like listening to the sound of your engine, or if you like the smell of burning rubber of your wheels, you are in the right place.We provide auto spare parts and our main goal is to satisfy all of our customers. The secret of our success is that our goods are an unbeaten combination of high quality and fair price. We produce and sell only professional parts - that’s why we have a great number of devoted clients all over the country and there is nothing better than the happy and satisfied customers. Our goods are real bestsellers; we are offering a great list of some unique spare parts that have no analogues. We believe that everything must be perfect in our business.  And don’t forget you can save your money with the help of our system of benefits and discounts. </p>
<ol>
<li>Headlight </li>
<li>Wheel Nuts </li>
<li>Vehicle Body Type </li>
<li>Hatchback </li>
<li>Coupe </li>
<li>Sedan </li>
<li>Year</li>
</ol>
<p>Our industry made a great number of legendary cars, and this is a true argument that it is essential part of our life.The secret of our success is that our goods are an unbeaten combination of high quality and fair priceYou know, psychologists claim that style of driving shows some striking features of character. And you know it is true. Car is more than a piece of a metal, it became a social phenomenon.  Have you ever noticed that we often try to talk to the car as if it was a human? Our manufacturers and vendors guarantee its high quality.</p>
<p>And <a href=""-"">don’t forget you can save your money</a> with the help of our system of benefits and discounts. </p>
<p><iframe src=""https://www.youtube.com/embed/CHsMnE_iUWQ"" allowfullscreen="""" height=""720"" width=""1280""></iframe></p>",USA,Body parts,Wheel Nuts,true,Title,Default Title,,,,,327038,32600,shopify,100,deny,manual,89.00,98.00,true,true,555-6322-1,https://cdn.shopify.com/s/files/1/1743/3659/products/lamborghini_gallardo_lp_520_front_differential_01.png?v=1485780194,1,,false,,,,,,,,,,,,,,,,,kg,
lamborghini-gallardo-lp-520-front-differential,,,,,,,,,,,,,,,,,,,,,,,,https://cdn.shopify.com/s/files/1/1743/3659/products/lamborghini_gallardo_lp_520_front_differential_02.png?v=1485780194,2,,,,,,,,,,,,,,,,,,,,
lamborghini-gallardo-lp-520-front-differential,,,,,,,,,,,,,,,,,,,,,,,,https://cdn.shopify.com/s/files/1/1743/3659/products/lamborghini_gallardo_lp_520_front_differential_03.png?v=1485780194,3,,,,,,,,,,,,,,,,,,,,
lamborghini-gallardo-lp-520-front-differential,,,,,,,,,,,,,,,,,,,,,,,,https://cdn.shopify.com/s/files/1/1743/3659/products/lamborghini_gallardo_lp_520_front_differential_04.png?v=1485780194,4,,,,,,,,,,,,,,,,,,,,
lamborghini-gallardo-lp-520-front-differential,,,,,,,,,,,,,,,,,,,,,,,,https://cdn.shopify.com/s/files/1/1743/3659/products/lamborghini_gallardo_lp_520_front_differential_05.png?v=1485780194,5,,,,,,,,,,,,,,,,,,,,
headlight-vw-polo-typ-6n,Headlight VW Polo Typ 6N,"<h3>Our manufacturers and vendors guarantee its high quality</h3>
<p>Our industry made a great number of legendary cars, and this is a true argument that it is essential part of our life.So, if you like listening to the sound of your engine, or if you like the smell of burning rubber of your wheels, you are in the right place.</p>
<ul>
<li>our parts are the standard of real reliability and durability;</li>
<li>we believe that everything must be perfect in our business;</li>
<li>we use the achievements of progress and provide some new technologies.</li>
</ul>
<p>We spend endless hours in traffic jams; we like to eat in a car, like to listen to music and so on. And you know it is true. We believe that everything must be perfect in our business. We produce and sell only professional parts - that’s why we have a great number of devoted clients all over the country and there is nothing better than the happy and satisfied customers. We use the achievements of progress and provide some new technologies.</p>
<ol>
<li><strong>Headlight </strong></li>
<li><strong>Wheel Nuts </strong></li>
<li><strong>Vehicle Body Type </strong></li>
<li><strong>Hatchback </strong></li>
</ol>
<p>Car is more than a piece of a metal, it became a social phenomenon. We are offering a great list of some unique spare parts that have no analogues. Have you ever noticed that we often try to talk to the car as if it was a human? We use the achievements of progress and provide some new technologies. <a href=""-"">Our goods are real bestsellers.</a></p>",Russian,Lighting,Headlight,true,Color,Black,,,,,327AE-6,2000,,99,deny,manual,123.00,,false,true,327038522,https://cdn.shopify.com/s/files/1/1743/3659/products/headlight_vw_polo_typ_6n_01.png?v=1485780182,1,,false,,,,,,,,,,,,,,,,https://cdn.shopify.com/s/files/1/1743/3659/products/headlight_vw_polo_typ_6n_01.png?v=1485780182,kg,
headlight-vw-polo-typ-6n,,,,,,,,Silver,,,,,556-62225,2000,,1,deny,manual,160.00,170.00,true,true,48245687465,https://cdn.shopify.com/s/files/1/1743/3659/products/headlight_vw_polo_typ_6n_02.png?v=1485780182,2,,,,,,,,,,,,,,,,,,https://cdn.shopify.com/s/files/1/1743/3659/products/headlight_vw_polo_typ_6n_02.png?v=1485780182,kg,
headlight-vw-polo-typ-6n,,,,,,,,Red,,,,,64554,7000,shopify,50,deny,manual,155.00,,true,true,2353565467,https://cdn.shopify.com/s/files/1/1743/3659/products/headlight_vw_polo_typ_6n_03.png?v=1485780182,3,,,,,,,,,,,,,,,,,,,kg,
headlight-vw-polo-typ-6n,,,,,,,,,,,,,,,,,,,,,,,,https://cdn.shopify.com/s/files/1/1743/3659/products/headlight_vw_polo_typ_6n_04.png?v=1485780182,4,,,,,,,,,,,,,,,,,,,,
headlight-vw-polo-typ-6n,,,,,,,,,,,,,,,,,,,,,,,,https://cdn.shopify.com/s/files/1/1743/3659/products/headlight_vw_polo_typ_6n_05.png?v=1485780182,5,,,,,,,,,,,,,,,,,,,,
headlight-daylight-mercedes-e-class-211,Headlight Daylight Mercedes E Class 211,"<h2>We are honored to present you our products</h2>
<p>Even if you don’t like speed and power, racing and all this stuff, but you love your car, you are still in the right place because you might be interested in professional spare parts.Our goods are real bestsellers; we are offering a great list of some unique spare parts that have no analogues.Have you ever noticed that we often try to talk to the car as if it was a human? We believe that everything must be perfect in our business. Car is a part of culture because we spend a significant amount of time of our lives by the steering wheel. We spend endless hours in traffic jams; we like to eat in a car, like to listen to music and so on. Just remember that we estimate our clients and improve our support and delivery systems.</p>
<h2>Our manufacturers and vendors guarantee its high quality</h2>
<p>Car is more than a piece of a metal, it became a social phenomenon.  Have you ever noticed that we often try to talk to the car as if it was a human? Our manufacturers and vendors guarantee its high quality.  </p>
<p>We understand:</p>
<ul>
<li>our parts are the standard of real reliability and durability;</li>
<li>we believe that everything must be perfect in our business;</li>
<li>we use the achievements of progress and provide some new technologies.</li>
</ul>
<h3>Modern clothing is not only what helps us feel comfortable</h3>
<p>We spend endless hours in traffic jams; we like to eat in a car, like to listen to music and so on. And you know it is true. We believe that everything must be perfect in our business. We produce and sell only professional parts - that’s why we have a great number of devoted clients all over the country and there is nothing better than the happy and satisfied customers. We use the achievements of progress and provide some new technologies. Car is more than a piece of a metal, it became a social phenomenon.</p>
<p>Our goods are real bestsellers; we are offering a great list of some unique spare parts that have no analogues. Have you ever noticed that we often try to talk to the car as if it was a human? We use the achievements of progress and provide some new technologies. </p>",China,Exterior,Year,true,Title,Default Title,,,,,,0,shopify,98,deny,manual,95.00,,true,true,,https://cdn.shopify.com/s/files/1/1743/3659/products/headlight_daylight_mercedes_e_class_211_01.png?v=1485780171,1,,false,,,,,,,,,,,,,,,,,kg,
headlight-daylight-mercedes-e-class-211,,,,,,,,,,,,,,,,,,,,,,,,https://cdn.shopify.com/s/files/1/1743/3659/products/headlight_daylight_mercedes_e_class_211_02.png?v=1485780171,2,,,,,,,,,,,,,,,,,,,,
headlight-daylight-mercedes-e-class-211,,,,,,,,,,,,,,,,,,,,,,,,https://cdn.shopify.com/s/files/1/1743/3659/products/headlight_daylight_mercedes_e_class_211_03.png?v=1485780171,3,,,,,,,,,,,,,,,,,,,,
headlight-daylight-mercedes-e-class-211,,,,,,,,,,,,,,,,,,,,,,,,https://cdn.shopify.com/s/files/1/1743/3659/products/headlight_daylight_mercedes_e_class_211_04.png?v=1485780171,4,,,,,,,,,,,,,,,,,,,,
headlight-daylight-mercedes-e-class-211,,,,,,,,,,,,,,,,,,,,,,,,https://cdn.shopify.com/s/files/1/1743/3659/products/headlight_daylight_mercedes_e_class_211_05.png?v=1485780171,5,,,,,,,,,,,,,,,,,,,,
frs-brz-wrx-fa20-stage-3-short-block,FRS BRZ WRX FA20 Stage 3 Short Block,"<h3>We believe that everything must be perfect in our business</h3>
<p>We spend endless hours in traffic jams; we like to eat in a car, like to listen to music and so on. And you know it is true. We believe that everything must be perfect in our business. We produce and sell only professional parts - that’s why we have a great number of devoted clients all over the country and there is nothing better than the happy and satisfied customers. We use the achievements of progress and provide some new technologies. Car is more than a piece of a metal, it became a social phenomenon. Our goods are real bestsellers; we are offering a great list of some unique spare parts that have no analogues. Have you ever noticed that we often try to talk to the car as if it was a human? We use the achievements of progress and provide some new technologies. </p>
<ul>
<li>our parts are the standard of real reliability and durability;</li>
<li>we use the achievements of progress and provide some new technologies.</li>
</ul>
<p><iframe src=""https://www.youtube.com/embed/CHsMnE_iUWQ"" allowfullscreen="""" height=""720"" width=""1280""></iframe></p>
<p>Our industry made a great number of legendary cars, and this is a true argument that it is essential part of our life.So, if you like listening to the sound of your engine, or if you like the smell of burning rubber of your wheels, you are in the right place. The secret of our success is that our goods are an unbeaten combination of high quality and fair price.  Nowadays car is not just a vehicle, it is a part of you, it influences your style and your character. Have you ever noticed that we often try to talk to the car as if it was a human? </p>",Grmany,Interior,Sedan,true,Color,Black,Year,2008,Vehicle Body Type,Sedan,327AE-6,4990,shopify,100,continue,manual,1000.00,1105.00,true,true,327038522,https://cdn.shopify.com/s/files/1/1743/3659/products/frs_brz_wrx_fa20_stage_3_short_block_01.png?v=1485780159,1,,false,,,,,,,,,,,,,,,,https://cdn.shopify.com/s/files/1/1743/3659/products/frs_brz_wrx_fa20_stage_3_short_block_01.png?v=1485780159,lb,
frs-brz-wrx-fa20-stage-3-short-block,,,,,,,,Silver,,2008,,Sedan,556-62225,5000,shopify,100,deny,manual,1900.00,1250.00,true,true,48245687465,https://cdn.shopify.com/s/files/1/1743/3659/products/frs_brz_wrx_fa20_stage_3_short_block_02.png?v=1485780159,2,,,,,,,,,,,,,,,,,,https://cdn.shopify.com/s/files/1/1743/3659/products/frs_brz_wrx_fa20_stage_3_short_block_02.png?v=1485780159,kg,
frs-brz-wrx-fa20-stage-3-short-block,,,,,,,,Black,,2010,,Sedan,64554,1134,shopify,1,deny,manual,890.00,1500.00,true,true,2353565467,https://cdn.shopify.com/s/files/1/1743/3659/products/frs_brz_wrx_fa20_stage_3_short_block_03.png?v=1485780159,3,,,,,,,,,,,,,,,,,,https://cdn.shopify.com/s/files/1/1743/3659/products/frs_brz_wrx_fa20_stage_3_short_block_03.png?v=1485780159,oz,
frs-brz-wrx-fa20-stage-3-short-block,,,,,,,,Silver,,2010,,Coupe,245687,100,shopify,13,continue,manual,1000.00,1120.00,true,true,265746854231,https://cdn.shopify.com/s/files/1/1743/3659/products/frs_brz_wrx_fa20_stage_3_short_block_04.png?v=1485780159,4,,,,,,,,,,,,,,,,,,https://cdn.shopify.com/s/files/1/1743/3659/products/frs_brz_wrx_fa20_stage_3_short_block_04.png?v=1485780159,g,
frs-brz-wrx-fa20-stage-3-short-block,,,,,,,,,,,,,,,,,,,,,,,,https://cdn.shopify.com/s/files/1/1743/3659/products/frs_brz_wrx_fa20_stage_3_short_block_05.png?v=1485780159,5,,,,,,,,,,,,,,,,,,,,
fk-duplex-sports-exhaust-complete-system-for-audi,FK Duplex Sports Exhaust Complete System For Audi,"<h3>We produce and sell only professional parts</h3>
<p>So, if you like listening to the sound of your engine, or if you like the smell of burning rubber of your wheels, you are in the right place.We provide auto spare parts and our main goal is to satisfy all of our customers. The secret of our success is that our goods are an unbeaten combination of high quality and fair price. We produce and sell only professional parts - that’s why we have a great number of devoted clients all over the country and there is nothing better than the happy and satisfied customers. Our goods are real bestsellers; we are offering a great list of some unique spare parts that have no analogues. We believe that everything must be perfect in our business.  And don’t forget you can save your money with the help of our system of benefits and discounts. </p>
<ol>
<li>Headlight </li>
<li>Wheel Nuts </li>
<li>Vehicle Body Type </li>
<li>Hatchback </li>
<li>Coupe </li>
<li>Sedan </li>
<li>Year</li>
</ol>
<p>Our industry made a great number of legendary cars, and this is a true argument that it is essential part of our life.The secret of our success is that our goods are an unbeaten combination of high quality and fair priceYou know, psychologists claim that style of driving shows some striking features of character. And you know it is true. Car is more than a piece of a metal, it became a social phenomenon.  Have you ever noticed that we often try to talk to the car as if it was a human? Our manufacturers and vendors guarantee its high quality.</p>
<p>And <a href=""-"">don’t forget you can save your money</a> with the help of our system of benefits and discounts. </p>
<p><iframe src=""https://www.youtube.com/embed/CHsMnE_iUWQ"" allowfullscreen="""" height=""720"" width=""1280""></iframe></p>",USA,Wheels & Tires,Coupe,true,Title,Default Title,,,,,654654654-56,0,shopify,0,deny,manual,158.00,,true,false,541265746854231,https://cdn.shopify.com/s/files/1/1743/3659/products/fk_duplex_sports_exhaust_complete_system_for_audi_01.png?v=1485780141,1,,false,,,,,,,,,,,,,,,,,kg,
fk-duplex-sports-exhaust-complete-system-for-audi,,,,,,,,,,,,,,,,,,,,,,,,https://cdn.shopify.com/s/files/1/1743/3659/products/fk_duplex_sports_exhaust_complete_system_for_audi_02.png?v=1485780141,2,,,,,,,,,,,,,,,,,,,,
fk-duplex-sports-exhaust-complete-system-for-audi,,,,,,,,,,,,,,,,,,,,,,,,https://cdn.shopify.com/s/files/1/1743/3659/products/fk_duplex_sports_exhaust_complete_system_for_audi_03.png?v=1485780141,3,,,,,,,,,,,,,,,,,,,,
fk-duplex-sports-exhaust-complete-system-for-audi,,,,,,,,,,,,,,,,,,,,,,,,https://cdn.shopify.com/s/files/1/1743/3659/products/fk_duplex_sports_exhaust_complete_system_for_audi_04.png?v=1485780141,4,,,,,,,,,,,,,,,,,,,,
fk-duplex-sports-exhaust-complete-system-for-audi,,,,,,,,,,,,,,,,,,,,,,,,https://cdn.shopify.com/s/files/1/1743/3659/products/fk_duplex_sports_exhaust_complete_system_for_audi_05.png?v=1485780141,5,,,,,,,,,,,,,,,,,,,,
daylight-headlight-set-audi-a6-typ-4b,Daylight Headlight Set Audi A6 Typ 4b,"<h3>Our manufacturers and vendors guarantee its high quality</h3>
<p>Our industry made a great number of legendary cars, and this is a true argument that it is essential part of our life.So, if you like listening to the sound of your engine, or if you like the smell of burning rubber of your wheels, you are in the right place.</p>
<ul>
<li>our parts are the standard of real reliability and durability;</li>
<li>we believe that everything must be perfect in our business;</li>
<li>we use the achievements of progress and provide some new technologies.</li>
</ul>
<p>We spend endless hours in traffic jams; we like to eat in a car, like to listen to music and so on. And you know it is true. We believe that everything must be perfect in our business. We produce and sell only professional parts - that’s why we have a great number of devoted clients all over the country and there is nothing better than the happy and satisfied customers. We use the achievements of progress and provide some new technologies.</p>
<ol>
<li><strong>Headlight </strong></li>
<li><strong>Wheel Nuts </strong></li>
<li><strong>Vehicle Body Type </strong></li>
<li><strong>Hatchback </strong></li>
</ol>
<p>Car is more than a piece of a metal, it became a social phenomenon. We are offering a great list of some unique spare parts that have no analogues. Have you ever noticed that we often try to talk to the car as if it was a human? We use the achievements of progress and provide some new technologies. <a href=""-"">Our goods are real bestsellers.</a></p>",Russian,Body parts,Hatchback,true,Title,Default Title,,,,,327038,32600,shopify,100,deny,manual,230.00,450.00,true,true,555-6322-1,https://cdn.shopify.com/s/files/1/1743/3659/products/daylight_headlight_set_audi_a6_typ_4b_01.png?v=1485780130,1,,false,,,,,,,,,,,,,,,,,kg,
daylight-headlight-set-audi-a6-typ-4b,,,,,,,,,,,,,,,,,,,,,,,,https://cdn.shopify.com/s/files/1/1743/3659/products/daylight_headlight_set_audi_a6_typ_4b_02.png?v=1485780130,2,,,,,,,,,,,,,,,,,,,,
daylight-headlight-set-audi-a6-typ-4b,,,,,,,,,,,,,,,,,,,,,,,,https://cdn.shopify.com/s/files/1/1743/3659/products/daylight_headlight_set_audi_a6_typ_4b_03.png?v=1485780130,3,,,,,,,,,,,,,,,,,,,,
daylight-headlight-set-audi-a6-typ-4b,,,,,,,,,,,,,,,,,,,,,,,,https://cdn.shopify.com/s/files/1/1743/3659/products/daylight_headlight_set_audi_a6_typ_4b_04.png?v=1485780130,4,,,,,,,,,,,,,,,,,,,,
daylight-headlight-set-audi-a6-typ-4b,,,,,,,,,,,,,,,,,,,,,,,,https://cdn.shopify.com/s/files/1/1743/3659/products/daylight_headlight_set_audi_a6_typ_4b_05.png?v=1485780130,5,,,,,,,,,,,,,,,,,,,,
carbon-bonnet-hood-opel-astra-j,Carbon Bonnet Hood Opel Astra J,"<h2>We are honored to present you our products</h2>
<p>Even if you don’t like speed and power, racing and all this stuff, but you love your car, you are still in the right place because you might be interested in professional spare parts.Our goods are real bestsellers; we are offering a great list of some unique spare parts that have no analogues.Have you ever noticed that we often try to talk to the car as if it was a human? We believe that everything must be perfect in our business. Car is a part of culture because we spend a significant amount of time of our lives by the steering wheel. We spend endless hours in traffic jams; we like to eat in a car, like to listen to music and so on. Just remember that we estimate our clients and improve our support and delivery systems.</p>
<h2>Our manufacturers and vendors guarantee its high quality</h2>
<p>Car is more than a piece of a metal, it became a social phenomenon.  Have you ever noticed that we often try to talk to the car as if it was a human? Our manufacturers and vendors guarantee its high quality.  </p>
<p>We understand:</p>
<ul>
<li>our parts are the standard of real reliability and durability;</li>
<li>we believe that everything must be perfect in our business;</li>
<li>we use the achievements of progress and provide some new technologies.</li>
</ul>
<h3>Modern clothing is not only what helps us feel comfortable</h3>
<p>We spend endless hours in traffic jams; we like to eat in a car, like to listen to music and so on. And you know it is true. We believe that everything must be perfect in our business. We produce and sell only professional parts - that’s why we have a great number of devoted clients all over the country and there is nothing better than the happy and satisfied customers. We use the achievements of progress and provide some new technologies. Car is more than a piece of a metal, it became a social phenomenon.</p>
<p>Our goods are real bestsellers; we are offering a great list of some unique spare parts that have no analogues. Have you ever noticed that we often try to talk to the car as if it was a human? We use the achievements of progress and provide some new technologies. </p>",China,Lighting,Vehicle Body Type,true,Color,Black,,,,,327AE-6,2000,,99,deny,manual,250.00,,false,true,327038522,https://cdn.shopify.com/s/files/1/1743/3659/products/carbon_bonnet_hood_opel_astra_j_01.png?v=1485780117,1,,false,,,,,,,,,,,,,,,,https://cdn.shopify.com/s/files/1/1743/3659/products/carbon_bonnet_hood_opel_astra_j_01.png?v=1485780117,kg,
carbon-bonnet-hood-opel-astra-j,,,,,,,,Silver,,,,,556-62225,2000,,1,deny,manual,220.00,250.00,true,true,48245687465,https://cdn.shopify.com/s/files/1/1743/3659/products/carbon_bonnet_hood_opel_astra_j_02.png?v=1485780117,2,,,,,,,,,,,,,,,,,,https://cdn.shopify.com/s/files/1/1743/3659/products/carbon_bonnet_hood_opel_astra_j_02.png?v=1485780117,kg,
carbon-bonnet-hood-opel-astra-j,,,,,,,,Red,,,,,64554,7000,shopify,50,deny,manual,150.00,,true,true,2353565467,https://cdn.shopify.com/s/files/1/1743/3659/products/carbon_bonnet_hood_opel_astra_j_03.png?v=1485780117,3,,,,,,,,,,,,,,,,,,,kg,
carbon-bonnet-hood-opel-astra-j,,,,,,,,,,,,,,,,,,,,,,,,https://cdn.shopify.com/s/files/1/1743/3659/products/carbon_bonnet_hood_opel_astra_j_04.png?v=1485780117,4,,,,,,,,,,,,,,,,,,,,
carbon-bonnet-hood-opel-astra-j,,,,,,,,,,,,,,,,,,,,,,,,https://cdn.shopify.com/s/files/1/1743/3659/products/carbon_bonnet_hood_opel_astra_j_05.png?v=1485780117,5,,,,,,,,,,,,,,,,,,,,
angel-eye-headlight-bmw-3er-limo-typ,Angel Eye Headlight BMW 3er Limo Typ,"<h3>We believe that everything must be perfect in our business</h3>
<p>We spend endless hours in traffic jams; we like to eat in a car, like to listen to music and so on. And you know it is true. We believe that everything must be perfect in our business. We produce and sell only professional parts - that’s why we have a great number of devoted clients all over the country and there is nothing better than the happy and satisfied customers. We use the achievements of progress and provide some new technologies. Car is more than a piece of a metal, it became a social phenomenon. Our goods are real bestsellers; we are offering a great list of some unique spare parts that have no analogues. Have you ever noticed that we often try to talk to the car as if it was a human? We use the achievements of progress and provide some new technologies. </p>
<ul>
<li>our parts are the standard of real reliability and durability;</li>
<li>we use the achievements of progress and provide some new technologies.</li>
</ul>
<p><iframe src=""https://www.youtube.com/embed/CHsMnE_iUWQ"" allowfullscreen="""" height=""720"" width=""1280""></iframe></p>
<p>Our industry made a great number of legendary cars, and this is a true argument that it is essential part of our life.So, if you like listening to the sound of your engine, or if you like the smell of burning rubber of your wheels, you are in the right place. The secret of our success is that our goods are an unbeaten combination of high quality and fair price.  Nowadays car is not just a vehicle, it is a part of you, it influences your style and your character. Have you ever noticed that we often try to talk to the car as if it was a human? </p>",Grmany,Exterior,Wheel Nuts,true,Title,Default Title,,,,,,0,shopify,98,deny,manual,450.00,,true,true,,https://cdn.shopify.com/s/files/1/1743/3659/products/angel_eye_headlight_bmw_3er_limo_typ_1.png?v=1485780106,1,,false,,,,,,,,,,,,,,,,,kg,
angel-eye-headlight-bmw-3er-limo-typ,,,,,,,,,,,,,,,,,,,,,,,,https://cdn.shopify.com/s/files/1/1743/3659/products/angel_eye_headlight_bmw_3er_limo_typ_2.png?v=1485780106,2,,,,,,,,,,,,,,,,,,,,
angel-eye-headlight-bmw-3er-limo-typ,,,,,,,,,,,,,,,,,,,,,,,,https://cdn.shopify.com/s/files/1/1743/3659/products/angel_eye_headlight_bmw_3er_limo_typ_3.png?v=1485780106,3,,,,,,,,,,,,,,,,,,,,
angel-eye-headlight-bmw-3er-limo-typ,,,,,,,,,,,,,,,,,,,,,,,,https://cdn.shopify.com/s/files/1/1743/3659/products/angel_eye_headlight_bmw_3er_limo_typ_4.png?v=1485780106,4,,,,,,,,,,,,,,,,,,,,
angel-eye-headlight-bmw-3er-limo-typ,,,,,,,,,,,,,,,,,,,,,,,,https://cdn.shopify.com/s/files/1/1743/3659/products/angel_eye_headlight_bmw_3er_limo_typ_5.png?v=1485780106,5,,,,,,,,,,,,,,,,,,,,
air-intake-hose-for-toyota-camry-compatible,Air Intake Hose for Toyota Camry  Compatible,"<h3>We produce and sell only professional parts</h3>
<p>So, if you like listening to the sound of your engine, or if you like the smell of burning rubber of your wheels, you are in the right place.We provide auto spare parts and our main goal is to satisfy all of our customers. The secret of our success is that our goods are an unbeaten combination of high quality and fair price. We produce and sell only professional parts - that’s why we have a great number of devoted clients all over the country and there is nothing better than the happy and satisfied customers. Our goods are real bestsellers; we are offering a great list of some unique spare parts that have no analogues. We believe that everything must be perfect in our business.  And don’t forget you can save your money with the help of our system of benefits and discounts. </p>
<ol>
<li>Headlight </li>
<li>Wheel Nuts </li>
<li>Vehicle Body Type </li>
<li>Hatchback </li>
<li>Coupe </li>
<li>Sedan </li>
<li>Year</li>
</ol>
<p>Our industry made a great number of legendary cars, and this is a true argument that it is essential part of our life.The secret of our success is that our goods are an unbeaten combination of high quality and fair priceYou know, psychologists claim that style of driving shows some striking features of character. And you know it is true. Car is more than a piece of a metal, it became a social phenomenon.  Have you ever noticed that we often try to talk to the car as if it was a human? Our manufacturers and vendors guarantee its high quality.</p>
<p>And <a href=""-"">don’t forget you can save your money</a> with the help of our system of benefits and discounts. </p>
<p><iframe src=""https://www.youtube.com/embed/CHsMnE_iUWQ"" allowfullscreen="""" height=""720"" width=""1280""></iframe></p>",USA,Interior,Headlight,true,Color,Black,Year,2008,Vehicle Body Type,Sedan,327AE-6,4990,shopify,100,continue,manual,100.00,120.00,true,true,327038522,https://cdn.shopify.com/s/files/1/1743/3659/products/air_intake_hose_for_toyota_camry_compatible_1.png?v=1485780094,1,,false,,,,,,,,,,,,,,,,https://cdn.shopify.com/s/files/1/1743/3659/products/air_intake_hose_for_toyota_camry_compatible_1.png?v=1485780094,lb,
air-intake-hose-for-toyota-camry-compatible,,,,,,,,Silver,,2008,,Sedan,556-62225,5000,shopify,100,deny,manual,250.00,260.00,true,true,48245687465,https://cdn.shopify.com/s/files/1/1743/3659/products/air_intake_hose_for_toyota_camry_compatible_2.png?v=1485780094,2,,,,,,,,,,,,,,,,,,https://cdn.shopify.com/s/files/1/1743/3659/products/air_intake_hose_for_toyota_camry_compatible_2.png?v=1485780094,kg,
air-intake-hose-for-toyota-camry-compatible,,,,,,,,Black,,2010,,Sedan,64554,1134,shopify,1,deny,manual,90.00,85.00,true,true,2353565467,https://cdn.shopify.com/s/files/1/1743/3659/products/air_intake_hose_for_toyota_camry_compatible_3.png?v=1485780094,3,,,,,,,,,,,,,,,,,,https://cdn.shopify.com/s/files/1/1743/3659/products/air_intake_hose_for_toyota_camry_compatible_3.png?v=1485780094,oz,
air-intake-hose-for-toyota-camry-compatible,,,,,,,,Silver,,2010,,Coupe,245687,100,shopify,13,continue,manual,140.00,150.00,true,true,265746854231,https://cdn.shopify.com/s/files/1/1743/3659/products/air_intake_hose_for_toyota_camry_compatible_4.png?v=1485780094,4,,,,,,,,,,,,,,,,,,https://cdn.shopify.com/s/files/1/1743/3659/products/air_intake_hose_for_toyota_camry_compatible_4.png?v=1485780094,g,
air-intake-hose-for-toyota-camry-compatible,,,,,,,,,,,,,,,,,,,,,,,,https://cdn.shopify.com/s/files/1/1743/3659/products/air_intake_hose_for_toyota_camry_compatible_5.png?v=1485780094,5,,,,,,,,,,,,,,,,,,,,
